vyska,vaha,bmi
181.111140498101,62.82085678300405,19.151973157110593
176.38727801038038,73.78670937214068,23.71611929207126
159.38776819464894,84.23425306667902,33.157268806823936
176.43792466537104,69.87281648988541,22.4452459116359
165.99867499567466,84.31274517000223,30.597362152338995
185.9029421901348,76.00456299266467,21.992122194468696
161.59053278058897,68.99201189159359,26.42207883131008
187.21544115522383,71.28822111738512,20.339227145905596
187.17656116983136,65.05702797420875,18.56911864694158
161.0509345551581,61.887065513222154,23.860162202782366
192.52150838669866,63.73118429080836,17.19465544068221
163.0529939392485,74.16954753654653,27.897679101195727
166.08078526182433,65.20096528786488,23.638245904474662
164.88725534543522,66.8832252583212,24.600448766963606
173.72322002173712,88.6331368353257,29.3684062208315
191.7861162553345,85.16028652646334,23.15276079092317
177.0396808835794,63.68216417988684,20.317795176099654
172.54823532471718,67.92440871789276,22.814177831488465
174.8924895441541,85.16040309889046,27.84167687056617
197.53870726822532,59.79389788300094,15.32330516711969
173.69869400633436,95.50792960524335,31.655292032831472
190.93971690265099,82.8564331453498,22.72655901206353
192.7246676199894,80.63064566224902,21.708285608320317
155.6103930010625,70.77240029155416,29.227167341067414
143.60175112805706,82.53232959618656,40.022538598824546
164.292701391257,91.37945720507669,33.854159254369925
167.7641395431727,57.997593637512196,20.60685462633359
182.45636817963901,76.76964694425135,23.060647191348508
164.53277787007215,72.6569123320737,26.83935518133563
180.39875811803725,88.31145452849408,27.13625744875365
161.0967804001761,79.02594071549838,30.450606877937734
154.77017511803572,83.04831749202646,34.67019548261725
200.3690384624776,86.21324571686903,21.473991029647117
182.29062581184647,63.56856529349524,19.12994573023618
154.3665203025741,89.77176682830752,37.673289572840616
182.9757371099171,74.2667845017753,22.182352894491725
172.23930525742628,75.75216141817916,25.534684657002334
184.5969821438444,109.76027378427918,32.210390364824036
176.0607702167606,95.98114294742793,30.964261202548673
175.34085600970366,72.1170883302129,23.456971448631933
213.1324930883216,79.5739416283908,17.517476391322454
199.65366353658789,91.12897404732949,22.8613521554986
186.57405322794853,79.53795861611397,22.849249896523776
140.65913022511768,103.37509913009936,52.24925276469952
196.68132003309358,75.8068603555131,19.596670088140993
162.8979744408525,74.93860026777392,28.240618806896887
183.3023216843274,100.33994563825888,29.863309135480666
179.69602364730582,71.95829046375785,22.284551763728096
178.0277568683837,77.18515783220221,24.353330181254794
190.28548543148182,93.92728052372554,25.940624274431872
185.46886746120512,94.86044735559146,27.576752946123232
154.40675549624729,65.9869525182929,27.677411899783202
187.77960286082632,83.46584493089345,23.670746896403088
176.60997034325783,64.79958839654243,20.775037293140684
198.33327686343551,74.63045955245587,18.972516586492663
174.3802709781377,102.38365720603363,33.66944381570357
197.0994994350796,82.61575173489244,21.26629413317032
194.8748077331202,85.55390274516364,22.528300283129354
192.19702925405937,78.60726891828305,21.27988940331596
183.80639278733003,51.47249555300624,15.235404899091176
168.2455596469747,87.7499978720435,30.999871413300387
167.81691208262052,66.38568928690769,23.572357431353964
181.61585674329393,90.60498633757791,27.469108936954367
192.46610630098974,60.185507370916184,16.247382515584622
165.218207668811,94.15066242130284,34.49114143304172
154.03467947140751,83.11846111495935,35.03164051085342
179.97159237804814,77.38377811516445,23.89142263370924
205.59330806105206,71.90143695473964,17.010599547369456
185.51982162337944,76.73124084373853,22.294184209927398
164.4023625626881,87.25989399489248,32.28483509178179
153.3129911363291,101.81508502581495,43.316585432238
149.0489935576359,82.27620185410261,37.035323226618694
168.6251456994767,72.3243915253298,25.435490247130847
191.53895912121408,74.09518161504043,20.196481722723803
186.2112643207664,82.01452326560734,23.652598898406175
161.74437846783613,60.97419651099007,23.307070791571892
170.02678546855967,84.12935361055835,29.10133175336392
188.96200357986703,78.5160085529341,21.98919058147581
183.52593495998659,65.4085706521895,19.419577111545735
191.69546325976734,103.40123723849979,28.138572774610818
200.64728322448235,84.78967541239663,21.060874744149604
170.78994101331884,92.46711149084547,31.70025196612198
176.51604800340297,78.23947456126068,25.110625679596563
172.3422644302866,70.57972842940326,23.762733268415047
199.48561948170493,95.20331799813533,23.923730259346968
187.84907043128507,86.55737861649388,24.529347443219947
159.45244721666722,72.1133442685216,28.363071414881112
171.13723021202037,81.82476170875788,27.93802821209968
157.35388826816285,87.86603945348239,35.48673906961456
164.03811156950457,80.57101117035455,29.94258507172134
177.05473031006431,68.55938178809734,21.870153162807554
167.42503549662368,111.22561886726167,39.679302698216134
181.32746347488995,79.29022067269382,24.115288045807812
184.03753630923663,89.43763878558602,26.406296990665016
181.42170041792735,79.44660301641828,24.137754509804886
186.85226113360375,75.16394241075146,21.528453619531568
205.750419695862,64.94517194296995,15.341414760396914
129.77289473310253,87.25095374613709,51.80864078624985
194.78418631388413,69.5582860020983,18.333335283516945
176.15797315281662,77.07511066390536,24.837595358375022
187.7868419504462,84.7794267943884,24.041422411956745
196.1003611372836,59.15319367637666,15.382304713515532
196.7546253386655,100.0142774739591,25.83521622206158
182.52845267473452,68.09408949892548,20.43846486352606
167.69515700068604,80.57671555512613,28.652895766475773
209.86000054228435,92.76957164682267,21.064260256631062
196.22154412303072,60.37916991940594,15.681722347051442
187.26934894696805,68.82108037219423,19.62402483122173
182.56451707186974,93.42193496795639,28.02954918934039
157.28401407092937,79.45410812649793,32.11790346228549
160.57691876624887,84.46509969946665,32.757523303062065
166.62837317409432,76.89806641802271,27.696029380756617
159.50447708359312,84.3499902368014,33.15425560433628
174.57338899575382,86.25019852224791,28.301145716529415
162.02513224324258,51.38009806468784,19.57177253235878
196.7665080552448,63.71104395846841,16.455548564491984
162.08849033503682,76.63560166648789,29.169314078788027
174.66312979360183,74.53600287763939,24.432258978278966
201.31133219939747,71.6353215338557,17.67627578778295
185.10822332705303,82.16227623964173,23.978446208334045
175.95016258367042,84.59830716508986,27.3263941257918
204.90309018515703,87.58985065248655,20.862039798418788
189.68616638236077,81.40086419480932,22.62339075762063
210.3943341443483,58.85397341763474,13.295592882028352
180.27013793824415,79.01614600161729,24.314663363419722
181.1649552903667,89.97529905793286,27.414158317878627
210.66705173436995,82.7920351272936,18.655003008908377
173.22982678762844,72.64464864897266,24.207965143158106
199.28084933368112,61.35046410240268,15.448514379022798
172.2532002414084,86.91905932207406,29.294117484564033
184.7108817462804,78.35448364518231,22.965657834796264
155.07767116310552,77.91879425031891,32.399900947492895
191.36534489622008,87.74581485940323,23.96071792599722
204.26430934511197,86.02397666614371,20.617430303319733
171.94376036644667,97.3296607293943,32.92095072224358
155.49575267543923,75.99612513709059,31.43072417412068
174.2144013648105,102.25241857418074,33.69034693655256
199.39798383401947,63.699342025055145,16.021140199309787
169.30564194247344,87.34762323884503,30.472510165777127
202.42648375069976,80.51974085923676,19.650233074727215
193.00189277652103,73.26320081743467,19.66811560975522
186.13313144281017,66.79333371469517,19.27905544616152
173.45765938127215,87.94998899127333,29.231346831144645
192.6906481288544,106.86466483559099,28.781462140984956
194.29517216998312,73.77619130637643,19.54304410677541
186.17796236483292,85.85323088269583,24.768522334498588
182.34077658058715,76.22240925690136,22.925302332141367
184.87481554070445,83.27302782949718,24.364014462945082
162.38406573238282,91.17251261018866,34.576187265508054
155.34866181005387,80.44563931381137,33.33400332023067
155.34373355226467,51.82443806534441,21.47568988712285
162.5797134960574,59.79925213736461,22.62366935061486
173.25957976373735,79.82083030868918,26.590207577389872
213.60365827450067,77.77884118987285,17.046848273459947
218.74153336406914,92.32311183388119,19.295139821399882
194.6633133752107,92.12652906677428,24.31176485727815
204.90423513305416,86.40938052593357,20.58064691756587
180.92579811119296,87.72343997354177,26.79875754263586
168.33581781447137,85.07730247236222,30.023453406342554
212.13254653444204,85.94447245286666,19.09867943113665
187.8351669466377,84.22555548792836,23.872069686056705
184.94417533262128,81.07608737892052,23.703444779563107
160.66239330927016,93.5555253146495,36.2444052299416
179.05013426794633,94.89916149086234,29.601455995883722
183.08443370871987,85.95278040042959,25.642306540471456
185.67497913191087,95.06392878312198,27.574585394999566
157.02143278040273,56.75459805924051,23.0188265559498
181.2755548369711,71.63255010434511,21.798766835890472
149.71556258424675,83.16238167889578,37.10163301685457
176.54828011604823,99.54945056137223,31.93830655601575
200.00398581083073,86.48162739257306,21.61954512538553
162.7136680658926,104.01014197108066,39.28507785248431
180.58929650464742,78.98996284855392,24.220767298380718
205.0587037618837,72.10229500288287,17.14717866368021
189.82473955840027,95.94438209013393,26.626490299346962
163.6877292135854,50.37071676922254,18.799482005478914
176.86149779992078,59.83522716695734,19.12891542068289
199.71736791148857,88.93920181961603,22.297776597432797
204.18286199590625,63.06298716589998,15.12641337535726
190.1084150784317,95.72531525410861,26.48647253973564
165.65880703238463,77.4296950877389,28.21489835147292
196.6141723020754,87.36412683121318,22.599743078758205
197.33847668693323,83.34022106188367,21.400854051094914
210.96937995361887,105.79395389221831,23.769606689021334
171.70752517045312,86.1559387764573,29.22177291303903
158.90248834674642,78.10760595459298,30.933704345058487
172.7434092189591,66.31319584149114,22.22270829150956
170.50993625798492,107.13375251124086,36.84910404907573
193.51197625953668,76.68488486815252,20.47830813124249
205.7241558795551,84.93113049096016,20.067641172225837
184.18726014089762,73.23397893132964,21.58705785654828
187.45046079433814,86.43756724271785,24.599682996322887
206.23044845464034,91.67542856571617,21.554967707637
198.8582461814651,102.24938102802336,25.85672270408276
181.2773673753108,80.2044805291872,24.406834675598663
197.99622736770436,75.29262407431203,19.206074217485142
156.06538850233744,100.69451354578518,41.34210755926275
184.70204953375864,83.09840679487884,24.358428618042296
165.03946540241017,71.55114898127286,26.268846075545454
182.2292895641385,61.81377838855573,18.61439505378134
195.76638973216726,86.27207821812434,22.510958970379434
159.10606052585365,73.43949210258216,29.010567150050623
188.31490351614002,76.64894913876421,21.614083299346127
185.00403722753498,59.14672704571039,17.280977539729626
195.17308326359176,76.11536359557377,19.981702118181026
190.3668693471082,54.3238465396332,14.990212107257676
144.3814994148409,92.10746543412972,44.18468227518669
176.62214016790463,62.316145891207384,19.97608142525471
192.5799299277622,66.92482370892137,18.04534490139141
186.32843036774923,69.52696219389703,20.02603650208467
158.86504621680325,68.26202616446032,27.04720969294988
197.48504555366765,88.77826726765832,22.763457945211037
151.06321593480996,88.39263387765237,38.73455963692403
157.84233133348613,60.06876952626697,24.110252692505796
196.1094771754808,83.76586434390735,21.780603567294797
183.71061886192214,101.02657765414963,29.934163116061416
203.58460277505037,84.49317579984069,20.38598855708141
183.53341000550938,49.37447897114136,14.657917000219207
179.82129493474858,84.66238870194323,26.182329018744355
157.59269585350916,72.39982876491514,29.151799571268498
174.95556032299595,96.0510975270107,31.37955877253302
183.5870566962744,52.33288345912493,15.527107004521973
167.5773264877485,83.11298051498534,29.596362769416793
173.0717066434529,80.93496092954138,27.01991689505217
184.69417829227598,83.01881339006044,24.337171857989894
179.92146107749386,97.09808297195683,29.994713444204663
177.07390118165503,97.40382176789987,31.064680148003866
159.59571241343514,83.61457398951342,32.82763091585363
169.8586661259764,87.55173517872991,30.345153529097733
173.38954766316627,83.47671812173866,27.76639766503394
170.49468361014678,78.66435898922332,27.061777904394262
184.68223275715948,88.97003711919494,26.085162043068937
174.5242362747033,75.5295219316772,24.79734837562023
189.6972161058098,88.72196824564081,24.655241049084758
157.50666277125742,68.3317478848013,27.543851623468022
187.04994106688267,66.4311781726519,18.987019805915665
194.20016737946094,71.86097223603038,19.05433905700187
178.39319588823605,69.75884310192387,21.92010841280859
193.50048852967623,64.65873799535522,17.268837078062568
194.37897036250507,97.06331586782362,25.68955426351467
173.3415197461308,65.70233963857858,21.866316765508916
146.66637914336752,73.94531348883774,34.37553877643688
178.41830540202736,72.61960794284907,22.812615444787273
178.96588918454165,92.60642730372794,28.91349588094043
178.0281246568425,72.78805130758064,22.965867692375443
220.19697398646642,70.1780535146674,14.473668629226838
175.08637735595343,75.67852973062989,24.686980391285775
179.9465594251791,84.7784879066995,26.18174396838817
190.74338680457402,94.81151923652311,26.05926284710403
178.2330945492584,80.77666173781621,25.427824540073676
184.09975267896155,79.77175020006278,23.536544928610244
211.82243802155668,86.72952775039825,19.329608454242507
173.68406761991434,93.03154963503604,30.839710454006877
191.02944715221898,73.55233978514035,20.1556057605563
184.85140206019608,73.62512189700959,21.546688291640077
159.5550495486798,99.06352497243799,38.912816948357744
193.6661910932757,91.76178723164007,24.465508192333253
170.90194864803718,85.66774911094477,29.330760713221323
203.35372095516396,95.46947537177053,23.086616511362244
190.84889146861525,91.85289793354445,25.218170651804282
174.58874921725118,81.22058761699736,26.64609794654925
195.97128625103502,65.22786992235594,16.984325729309212
151.78165955185318,74.79411257853162,32.46600264389057
201.01256985730268,72.12446169225474,17.84991502701829
177.44551648482897,76.62097398401347,24.334229929362277
157.45752719442305,68.94682683683484,27.809131760504766
189.36856899868894,70.89046750181357,19.768423922910436
179.4404770489518,74.14923323392468,23.028509740727767
174.40844888122092,71.58348834771708,23.53302839992724
151.70444276780293,60.01486924616567,26.077278492660366
163.80401433930447,87.94613721926981,32.776885763414086
168.73457341719106,75.19802444432231,26.411816754012232
176.1281399279906,98.50670228665871,31.754719677868007
176.19969649040002,74.58232374448191,24.02290912760644
182.1608865380166,79.7956171660619,24.047435890452956
197.13461531890772,78.4688655814593,20.191640004048875
184.90804701247956,52.16077159607167,15.255708573292988
187.69961419010895,93.3444052461945,26.494854142101758
150.13165176739767,70.59114690230432,31.318843194717285
171.26672789844434,83.85374025451027,28.587517133472783
198.61859512195386,82.35998929062268,20.8774027851786
188.1711003440928,71.6488031624039,20.234994527388917
213.20205051081732,87.1258428800122,19.16744554297076
188.35596432508555,86.00706327157073,24.242386183937686
177.74818140813375,87.28430730306494,27.626498087484933
167.8314026033429,63.07495238272168,22.392907347060582
189.7998259626993,93.86666196278323,26.056720485897753
200.77597054620654,43.9948016639413,10.913847882003823
172.33887695011148,88.8022474659899,29.89905349864127
165.27734228114585,71.49750850816406,26.17364856696866
141.83770530997046,89.51793062034218,44.49658088089583
164.17679577686013,104.71196702084134,38.848366947077785
159.039700127257,85.12102167219832,33.653150775369
180.2185465423114,94.57482763857291,29.119009149104162
195.37235032776235,81.05519096019844,21.235115675854246
211.75661875198853,82.16041691194991,18.322665238409222
170.99976346852299,89.5333925753997,30.619212840042955
183.19004656879378,88.89065328705675,26.488194203575294
199.95382252542436,72.0760490673472,18.027335874257933
190.78580215921787,74.18564440988507,20.381106988267064
170.18181716369213,66.17059712214902,22.847502863786502
162.99664202973764,80.26470434131232,30.21115266551599
190.92297998267708,85.93473159793821,23.575033371650417
226.49717744951397,87.46643234927153,17.049663968330638
184.06871344610485,96.52239811580547,28.4884059900377
156.03253212503705,63.985198280129495,26.281443036448785
167.23115034557358,68.03528954754239,24.327634540514715
193.30170778560262,98.08529951225206,26.250195407552535
184.17537429983417,86.61305553417202,25.534081345966516
181.49363146507062,70.36950056963445,21.36297281710584
173.5511213290368,91.71116176361794,30.448601258833136
184.46669414410417,72.61949783489767,21.34112511315852
205.35905802493124,59.18482324305185,14.03403734195826
166.24375000611343,77.84629539477179,28.167434703706643
174.13567060016038,67.31029209731601,22.19759839450692
185.83457663665442,82.39245924378221,23.85802122604109
167.70599821088115,97.64502093719936,34.71785707648272
195.79555572145767,85.24984527509221,22.23760132800732
167.22278070506889,69.53120308467179,24.86502281765472
172.11173660776456,84.81376510909584,28.6315836326836
188.7316750833967,68.44595780188352,19.21578877510228
195.35319494279264,89.58017095422433,23.473121685179162
172.89670493287073,81.36973794473873,27.220085449035313
159.4043102825368,91.35041148261661,35.95095131312366
178.29017746144407,90.51911667703686,28.476425444191502
168.16581620252686,71.91835041256905,25.43104922108612
208.31146161701895,70.3145366602694,16.203871370118915
186.4015852989157,74.97383721077644,21.57796755232663
209.572124461457,81.54708040513614,18.566984931947903
177.09109008960357,63.66926656643989,20.301887858974734
163.3069858295397,84.59937911004403,31.721787355512163
170.3288651485062,89.55377999512267,30.86792355932496
181.0183472080699,69.01666371509855,21.062444365224607
186.42686905548516,83.08215944861577,23.905110982930914
192.4615467041193,67.9991843615308,18.357593977210172
195.24003265481727,48.64128536368224,12.760488473422615
177.3752071854745,87.83998572688999,27.919422125216936
195.80876625172613,98.62803488048469,25.723858858148283
174.81283474174475,63.0876694290852,20.644190283418922
183.38086178243844,92.86777651815586,27.61576185750124
163.90951541501622,72.16736161264748,26.861638208307912
177.90340206550903,71.02873744137223,22.442208277534846
154.6637811213222,84.63904654692163,35.38290739327286
176.74894538384694,80.01707193946478,25.613503862321004
180.11088570174286,93.14608709912358,28.713404684307317
185.75201479471426,73.94833651415328,21.431932986625576
153.9555674767827,84.32491510524248,35.57665521451168
208.3306459653804,81.53998488730646,18.787297203361423
209.10540208141185,86.51272481257058,19.78561187797411
182.6475416362034,91.35278902149366,27.383827394075507
178.70402898225737,70.91685188599651,22.206533038269168
195.59566169680338,77.4259599118066,20.238026605433397
161.52314667457262,46.90924503176907,17.97996782051886
170.01422792051915,73.6824215238673,25.49138047419905
152.6785497119513,82.85524160762732,35.543806517947964
172.4939314684746,68.80047128236326,23.122978306824702
170.8918480099576,88.74594246045949,30.388258591590205
178.8399720082384,69.61725671493404,21.766455804885762
144.6258228419531,64.175664322798,30.681648295094842
161.46575021797742,80.58681491291657,30.910295836014377
200.51859740781322,86.1531243265109,21.42701706027981
197.85535617217778,95.06373193678994,24.283944758240267
195.1151305190218,100.6383080834249,26.435128712712835
172.54144807220965,76.61403643105136,25.73483965804288
185.26660626333407,61.21176933565708,17.833666498177593
156.29046834623716,84.95151477811717,34.778123232116876
186.5322736612671,72.46561553677773,20.82687055125617
175.21100788936533,102.98920174118848,33.54817626933901
187.18444658594785,87.75155262212502,25.044668627425732
162.25453708645966,83.60426316281116,31.75665304287751
181.4392687057582,68.85751463374399,20.916488181315074
188.14970012985214,96.32158705457171,27.20924985756742
179.8601549874784,90.30969085600961,27.91672246259249
168.5395382941121,79.91087483788392,28.13210861374631
149.77442116082102,81.72904466362405,36.4335191989974
148.42564502868441,61.55449588526616,27.94099637522675
206.37648636617047,83.05740629662193,19.501047340179014
165.71703123354132,84.8004322155752,30.879039063113773
182.57138952945536,87.59334468688769,26.278808372178464
167.5263502326768,83.22981336491412,29.6560064072639
197.80537532510968,74.15112898243459,18.951412695948914
172.21086013640112,80.20979672624696,27.046205524222
169.97252905065866,70.97161402638244,24.565590565995812
184.15939237245925,78.66876360881044,23.196078935685417
173.7160873048156,83.96894939116213,27.825222222048897
192.97929486723575,96.20646247554178,25.833474173491275
157.24553386234618,65.15242701002714,26.349595930647578
187.3925191506852,85.31296229925272,24.294643076677986
184.71566890276938,73.03770064384585,21.406201956493927
186.51182368606464,85.15590753731746,24.479471906779086
174.7506357566866,94.12136859443194,30.82128239726237
165.56471878784362,70.39000789803056,25.678841243600868
160.36708335492503,67.33499703181506,26.18245610167643
192.68750090932772,83.60857717229656,22.51872226397492
185.7728833875598,90.20077272028912,26.136390744852875
163.42401341911622,80.08706811744861,29.986836473096687
172.03032742752922,65.88577007595259,22.262892767959535
158.61565349086789,95.91502357440308,38.12365653339606
172.65132785328763,62.13393012508382,20.844379861313477
188.01481339703045,67.91375993706258,19.21204694373694
183.81149105633526,77.4473121546236,22.922449992253206
192.0305193875974,56.559357049670005,15.33783109117674
172.572125510981,78.86996342911618,26.483192850458266
173.7183380001221,74.39485733389726,24.651967347606373
175.55273734064218,53.785674518292666,17.45224929776141
201.90407442084046,71.13423200583247,17.449720733659124
201.37622392946895,89.31282109068813,22.024062025733294
211.53640201204502,90.36609313187397,20.194601144777458
156.09681222417436,80.85857612996845,33.18470958181191
160.92857043473668,64.4327803789654,24.879437980230193
169.67347830324556,79.1303336611478,27.486223340652582
193.95257363446376,90.6436102733123,24.09606362415559
211.06354922471283,71.01335872495221,15.940927263673018
161.57468208843164,73.78538169975249,28.263354650369195
177.57660485839617,86.70323953437156,27.495639679065874
173.25598583535668,63.97003605830318,21.310816987870034
169.34604597937954,90.40884018459934,31.525412376408628
181.04923739815038,77.05276393986885,23.506870895210845
185.29312251519107,72.77641360950591,21.196885307155895
167.39756798262354,88.77939554678395,31.68209527153116
142.89236750919787,75.09025364340278,36.77608610163753
201.13057711305842,83.96823327317917,20.756724260865568
163.82588492516297,62.739301529028594,23.376238758134367
176.26063753689078,51.46009801979163,16.56379839316901
189.05861210789553,91.95884791553826,25.727677958962005
176.42067296574444,77.98315379090995,25.05542917350814
182.3439575218245,50.42806419029024,15.166645796804588
183.8430593067219,61.31948265248344,18.14278713866841
171.96525191593798,89.97741657254684,30.426508498398277
196.4666883747531,101.12148294755606,26.19784572726706
158.2557467764821,86.66365806430431,34.603341386389076
176.34827639673014,88.90332849200777,28.587460822587797
168.26497689164978,90.41466129418274,31.933858699917927
185.0973273648732,77.21961525853573,22.538620832533546
202.43495878944225,72.46360524615203,17.682713494147674
176.34798346296614,85.99286601506975,27.651673981340323
178.16553311106588,78.59289563443704,24.75916001370229
164.74900959262416,79.9510393514439,29.456319985938617
177.0502946081961,73.01028969245621,23.291140979596186
191.24957221607966,80.61894902863187,22.041248322155166
175.6945939854967,54.119855290812254,17.53233777996888
201.33460251668734,63.595414571729066,15.688772286299978
197.47860435194178,87.60018747614669,22.462854141851487
197.6222128661784,66.80866087221344,17.106503508134534
182.15429923876798,89.1230013375554,26.86030572630254
164.52150378837518,90.34646731425755,33.3784245829076
175.0096767046478,87.39698223351682,28.53463435863191
158.83766013546227,78.31091548451316,31.03954450595374
173.9113151016529,83.49343407658827,27.60556533619931
176.74077305030826,77.26582657750535,24.73511617655562
200.5148490615466,80.10906154127045,19.92455198161911
183.5217889428904,80.36057997087515,23.85985468894971
194.0252055283543,79.96090787568367,21.24033744761588
169.5501936819669,92.02605930183212,32.012105892400335
187.10846551610447,69.68902326389197,19.9057022415588
182.83295547157869,74.41092571318782,22.26013265844352
182.25564047690514,96.01992001315827,28.90675783772407
183.87979471315901,71.55633989299635,21.16313965517288
166.56570185323216,61.81012770443386,22.278630090548802
198.66115191259192,82.43253954874362,20.886841972432443
175.00698410460603,63.363512471607656,20.688475168678824
181.30945469479562,88.9650433476451,27.063159134678155
168.34463025936947,74.86040727546022,26.415184554382236
169.66805795602335,70.69740251618101,24.558581589046977
171.60886282511575,65.85202508921739,22.360922071594207
166.68009782053196,73.8950022867179,26.59791376241802
199.76824792692827,77.2177453508164,19.349252651110366
166.7641796067268,71.75940124635174,25.803181886304927
198.10443004335914,86.47488665240431,22.034420167970683
183.19239433864794,89.38986568819051,26.636269897832825
200.98026190090016,118.8976130438247,29.4351545396761
187.52196881477778,84.77356825539394,24.107720935761815
184.8279989661409,80.74143673896657,23.635290784558183
168.5813862357477,84.9911199648496,29.905723303371428
191.1731174154087,104.44359036380528,28.577757618863675
186.93674373600774,95.20627406275479,27.244335663638914
169.97309885785023,98.11498924992547,33.96057039750016
172.7731093920158,80.20954791337029,26.870377628046118
182.2507478797519,79.40936973001679,23.90744199461432
174.10639233240778,72.40980967733796,23.887349994650624
183.03291431632493,83.31066921061775,24.868078723730473
189.4292911550709,77.84236937901277,21.693107995269433
195.63780052701784,74.32923002258337,19.42021755524803
184.60732635432987,73.3769383806191,21.530877103489324
171.1884080049412,90.80498438951459,30.985676456194753
186.29999950416493,80.54194765798064,23.20579332323856
160.25073177634786,83.17886801706649,32.390150279091664
174.64029339014098,82.41864917373712,27.023188311757192
158.8467222558365,74.72283523592037,29.613983265432477
162.7598501710341,78.83099257232776,29.75791041968774
181.29480751892334,80.94794574922233,24.628337745376633
173.41512152761658,71.46509918862613,23.764028887632332
167.01672829138482,95.09891742066286,34.092247222245454
200.74374718677714,94.63823474069156,23.484568102562747
203.6388306789976,75.12807191093687,18.116781815119555
183.55514726618256,84.64379911485483,25.122451284993534
182.15308533087568,70.47579485498751,21.24060678535447
177.43887316104852,90.97954954401465,28.896566356277276
169.77262583362932,88.3615691735153,30.65688946704293
193.26137878226655,72.6056480888902,19.439283753154417
180.69280710346862,81.23202230698392,24.879722708449474
168.7107880488302,87.68675716367038,30.806921449869375
191.58914317928594,88.85908966774954,24.20806458552871
151.6292063507578,94.91851575804682,41.284327531515984
165.2327341025619,65.50926558349933,23.994436340926214
185.8809003427905,93.51488686018254,27.06519858580234
189.04874023858025,85.88393607129667,24.03058617248703
170.5083223317546,92.35461065259541,31.766357499479998
196.19243869791407,80.186713603127,20.83233177344797
168.15836742387316,70.79825469971028,25.037190113300344
184.39177834210247,73.08655297554513,21.49583767167227
180.53457678718348,81.22430555317567,24.920986072920574
190.65362548799462,100.27301081122866,27.586329469365058
158.78443337439217,88.56004620889941,35.125457320158795
203.22721488345445,90.15264626659102,21.828040368973983
154.288218764437,72.7956151288931,30.580155523871994
200.6329531827362,77.01077432062026,19.131409102058985
168.86108570099344,82.47338619381304,28.923754833801635
144.7408144471624,63.918003258562365,30.509927487193192
186.09407349151098,68.91056729969895,19.898518369344924
193.22235989810127,60.88822974591808,16.308671449142995
161.93970958947668,81.48239048167294,31.071130095276168
169.28156996553318,77.55561379370472,27.064118292925688
205.3081528621565,76.02785289935453,18.03683508109597
188.4147032080764,70.02385816565187,19.72497469197692
169.18037275981058,104.16226443442771,36.39237991561911
179.59540614806562,111.48004043376892,34.562621086663505
190.4593883199455,103.46759981631354,28.52328913141131
156.95535301942593,72.20185460667072,29.308668518810013
188.0618322700535,105.81911065627096,29.92008211212161
181.91822036620647,65.72881669949292,19.861105401367723
161.36608451171116,80.04034657610396,30.738625103473055
194.17834214592193,62.912239012761894,16.685282497383188
173.72793866027823,98.91546334297357,32.77365339342548
192.85237218549258,67.86775609139865,18.247926365642485
174.68933463189992,77.84823371970307,25.510324445282617
199.29498112994642,76.41579940187079,19.239351837630213
156.6498961069347,84.87569467073664,34.58781436656695
198.92851746213844,58.44137151512507,14.768157230935007
190.32244206847605,85.46140183103257,23.593371662616565
191.1842619950066,80.24354950629585,21.95360537009765
192.30479174685863,80.86538188661515,21.866658883139127
182.95989497506469,72.53691433477356,21.669419264413236
171.76677176856185,82.25686992511217,27.880070816954948
194.85840438128562,70.36579996122254,18.53204497154812
172.5003518717982,69.91920191927534,23.49722047390592
182.90183164345993,91.20892557091584,27.264731833477608
160.2371864273927,90.66545118473233,35.31142189518508
222.0999619794758,82.77017998716519,16.779419471547772
183.09773331201512,89.89316958975303,26.813947694784872
189.14185072005642,83.00596455476325,23.202459973099312
196.06796728278584,92.47580464352197,24.055524254753454
161.68996381850212,86.21780741892469,32.978496073848746
163.41192249889932,80.22632754133866,30.04342445231758
164.90839236233927,65.86737197192812,24.220595690498783
205.67073884744997,88.22206498262032,20.856056875344535
170.3773688058996,77.14588437050364,26.575959175900994
180.80379541774627,85.04691790143332,26.01617789657702
184.60589867281286,79.83365985201623,23.425824839216087
187.11637798894546,88.21474051526438,25.19518528425861
192.70844999316233,86.70920170312702,23.348751946826972
178.994708975879,67.31185553216459,21.00928030434326
164.39163194386788,95.84701947586397,35.466570748889545
190.29923409472778,74.99130925878434,20.70793796041967
201.85681558470725,81.47136980396346,19.994851494023813
172.54986012211793,102.8012599056874,34.52782438943498
193.21937194020268,101.40016148182104,27.160472093178928
193.85655212630473,74.96683090570362,19.948405314787987
192.64373686687725,71.48712667090258,19.26273958882647
175.12351368184798,82.33969804776989,26.848519675284425
201.79300961630562,93.8797524988758,23.054711966823874
173.79378399011543,106.14305762764594,35.14172822500555
189.10334307243392,95.56708051818066,26.724519516645714
199.0779447327234,91.3576743058832,23.051475973867493
208.26114459712608,58.658297424090065,13.524242563300273
177.94503500311367,93.58870457810865,29.556410260509345
163.13468405207684,76.96427044765487,28.919883868664183
198.16133558272944,97.78850648347347,24.90290270895927
182.12865475463084,57.32511683900748,17.281776688327632
186.37529366221153,84.37247064099694,24.289808174009377
189.22097185254438,82.86785683062502,23.144487563156055
207.1507950790536,74.0402912898693,17.254203250722103
189.03586268113656,74.27681270462335,20.785709450825053
142.39446777640129,69.34243211409269,34.19895507151148
177.9673241710807,94.23403347810454,29.752758641837563
143.41425181008387,86.60059455567773,42.10525002480585
150.47836821755502,94.14373767595026,41.57605615520157
190.83438227627093,74.05446057471421,20.33470966043933
184.24353956975568,98.25869850152206,28.94586088109185
178.45951903653798,71.88290282801427,22.57075935395315
183.37544855742766,80.55638636339087,23.956181667508233
154.0251193634313,60.266017205839724,25.403255904673127
167.83570739376626,97.12382992819627,34.47919146221413
153.8847882480046,81.3357882206224,34.3471176127029
168.90927707111672,69.04837251324895,24.20173160267763
210.82267778207026,89.52986017985326,20.143422210313833
149.63587891042266,87.92156922331402,39.266659187289235
178.94020575330313,68.53017406127825,21.40257216798951
195.7404854903814,77.48343614265765,20.22309163483971
196.3487062869795,89.0610528763053,23.101050888876472
167.09790274833847,93.28431478298586,33.409242406769415
186.3469672376526,80.61591044145264,23.215396470732422
174.9602218090794,66.82372935777562,21.82991618406514
186.3117471691739,103.80295903006973,29.90399812020938
170.49176124463648,92.08507097210459,31.679800115055592
176.51802216352564,80.64451604559174,25.881934555103314
163.76679108250985,98.9548721536321,36.89652823740658
190.66368424028823,84.05383210464728,23.121795549406567
187.6443092963034,74.97485781165867,21.293392263337847
178.2916516270666,71.47625336016216,22.48535576098664
172.01998463108498,80.10477865126701,27.070770413777378
203.40550637109433,86.44623608511198,20.893956087904765
198.66386498107298,71.9691745852834,18.235125686819625
161.50408088261665,73.58286064582641,28.21042744074555
172.34962309664033,56.00955942484898,18.855648797084022
165.15762683860427,77.15603284297094,28.28607063888429
192.51339380184865,91.20516080620203,24.609200971607063
163.81454524119266,80.05757909815608,29.83304148572851
173.95401761362797,105.14575434953568,34.747440020478464
178.35353725176455,86.87592245545457,27.31089766410781
192.32734060522603,58.23690533784449,15.744041865364869
179.1613203387796,66.30900688212037,20.657797447815884
172.45622418368427,78.28993908837488,26.323777337844064
167.34735330643628,85.56189847659569,30.552216016453297
160.04966146520871,63.57022905440701,24.816712904520895
188.71514743978753,90.83334543669898,25.505379409516838
172.4772705321877,98.08721743434165,32.97225674427016
171.06916182187294,72.85456991790099,24.89506954194795
211.14541768480774,101.81542600782866,22.83758944380986
177.84861846202767,65.21765840735974,20.618839113931415
187.55323316375313,72.84679841471566,20.709106382026302
197.53463795424494,74.60119895745345,19.118740821753644
162.73001128582823,67.14169325205647,25.354612670665276
168.14936934472112,89.88835147793394,31.791639862337547
188.64520336342244,91.9763481533099,25.845481550870268
184.27883612529058,86.06717173821148,25.34466822723621
173.90691913157227,74.82212246943448,24.73980663503473
191.33580959137177,72.48724549181998,19.800177350251477
165.09797701901127,76.64296659398525,28.118283341656273
202.60754255139364,86.22103440541801,21.004000061290775
199.434288994334,84.41571392171852,21.22382418371015
175.8537213882404,91.49234712614982,29.585685927260045
194.0993020992283,86.67701349337757,23.006788037907814
153.89668745129495,83.14770242413945,35.106837510630456
172.57976529158628,90.18112067838172,30.278606222103146
188.57704553614715,79.17949507638352,22.26563438164639
174.54002361528663,76.38090142695725,25.072331351016473
176.73676411700131,67.45539824886886,21.59548252298201
171.88168983900252,76.08478900800836,25.7536394377129
198.35039404940125,83.6985030776899,21.274117601199322
211.6550365837009,82.61014022304403,18.440646572103677
198.10048899576202,66.52852503148858,16.952618933589193
178.07258225873827,106.96059502302029,33.73103732710625
187.19733433878497,78.41185650513202,22.37599808313139
181.3385549910331,92.14922074701973,28.022789570045216
177.4322211023212,70.1941483982699,22.296460798672573
165.01070395767223,104.94632547650423,38.542777060243196
186.0977065837681,91.06564498491068,26.2949606848343
149.5839242924793,70.18661136639837,31.36782668898993
170.59126499706684,81.64782180007961,28.0563405105081
185.65685224198606,63.32473000893209,18.371786132821907
187.25968738594048,89.17763324786468,25.431229319679595
161.5877209108771,101.45813949393167,38.85708192511286
153.47913750401256,69.65597699610828,29.570569460382544
181.83423762922092,67.14820631146193,20.30874544367508
165.69758584456176,86.3940441613381,31.466717574328765
182.18129765170482,66.90004476829391,20.156671872594874
169.59213276530463,85.86369114318964,29.853699052942126
164.78621628942076,73.65903315900186,27.1259058655188
143.78107116205797,57.173380901552584,27.656068683769007
166.85252743597945,76.76746059395954,27.574750749427917
175.46112018688035,68.33905224410644,22.197658012688997
182.12013860448923,84.87954275670627,25.59098999651255
203.19866280229903,63.1359033618365,15.290958426636058
187.75022394930366,99.63562619246899,28.265308324197452
189.4585854159181,66.10031908440456,18.415137895416564
191.64857097970335,74.86479004178963,20.382921896260946
183.3191321634887,81.82688759926226,24.348961739123155
197.07750643189928,80.17280369952695,20.642056108109834
198.5344870786726,87.20035109656973,22.123117052125416
143.84923377800953,79.26825654971046,38.307534415214235
143.92731261663636,81.75679881667499,39.467302605613135
166.11160921662614,66.39030366205562,24.060501989170522
187.49469825360086,81.37181460081052,23.147069591247547
162.1097244842751,105.04524084579212,39.972217862104245
186.8728494785152,89.98520605569743,25.767880618789647
156.31346938723112,75.54831471007351,30.919465377610923
188.63588163401764,94.35507640009993,26.5165280063489
169.58011416190064,90.12862681347134,31.34100420361209
174.96891175677766,98.8194082954049,32.27902942590269
176.4729905795896,69.42972447483342,22.294048975664857
173.71218624282557,76.7466839725285,25.433085284998448
228.6008497125095,77.24610308373767,14.781581377295442
187.02751972374978,80.62776917616354,23.050142513529654
179.58193323299804,87.89333485859824,27.25402549288527
191.04823725818602,85.09689539121287,23.314582670794618
162.28829877861926,51.69195163453892,19.626755573633694
205.34016509261323,72.64793342234955,17.22961015236753
186.80383793674815,68.61841222954769,19.66387366219368
190.1369211373579,71.03765343949229,19.649689530068827
186.61547767805476,117.62523482631053,33.775764031995344
205.36274863179395,79.5570047181929,18.864056431993475
167.38631526080346,48.47412999000735,17.300956922201326
188.19259745024908,87.01075110202757,24.5678891943561
150.86852094252671,73.07400772959781,32.10448158158558
203.05389915390128,76.43747314568367,18.538886895825616
174.84232919957904,82.4607128437883,26.974531966202683
166.02681977975774,72.18941206729568,26.188884875669675
170.31031869338346,90.81508475705556,31.309495472379105
176.01591961872796,76.06601937340474,24.551995265807353
184.86950005629637,82.3623954804558,24.0989674956033
167.32700992831928,70.14818620819517,25.05441952746128
179.06888504678534,79.22488001853273,24.70707485908179
175.12699981924985,79.28190426915118,25.85043511984712
185.45101040660992,69.1541532332605,20.107582542569126
174.54197879656098,103.88299387705253,34.09923742472989
194.23222290232678,66.59994309086866,17.65351931449255
219.61525182081982,90.10180623916332,18.681360527376974
216.4525825674463,70.41092004080546,15.028459849330266
186.9160772549481,74.30388434573513,21.2675861953517
189.3948679991161,63.06079142639534,17.580167284230868
157.12497667401635,89.90601774736913,36.41650888198486
170.0179637628463,73.91746095619297,25.571571569203876
201.00057950455508,88.44946643936042,21.892764145187513
174.23787552100364,76.47319680308883,25.189764724142034
176.86809251795069,80.46592532978858,25.722491105851255
193.93580166687596,80.10430566085587,21.298051892048967
206.7799534256361,68.13219290777866,15.934392149341758
160.1294688293345,96.6546368999157,37.69468926643786
158.704828665291,76.7537899767699,30.47330428951666
202.12567919668163,83.04121065567477,20.325942262343947
202.87407217783604,98.34197685965529,23.893833931213663
198.77947010728292,92.60957687146325,23.43758406728636
202.04527267739527,83.2875503176903,20.402467819940348
180.88936252260558,87.30700066367861,26.682284606304677
203.14808696586823,83.92034067279874,20.334887041892472
175.45842908822075,71.30141474256263,23.160592938234437
207.2925927326646,97.44665325045071,22.67771854881631
180.7426485690681,80.15395856901765,24.535995969181144
166.21944547741685,60.912601124730315,22.046694651322557
168.27035933506755,91.7177177400505,32.392017255738956
169.96390157989532,88.32683979811101,30.575904164747556
185.27513413312738,71.86648292271394,20.935923306713605
166.68705153083613,68.9876597549088,24.829483392573334
168.9040154407823,51.3040001360994,17.98337825994529
165.54802161730592,91.09124836053556,33.23752398574777
197.71063779317558,75.10941104308219,19.214729827471693
204.82062878731767,82.72443178152899,19.719068816677012
170.72827145744338,75.50499920094109,25.903880066464225
196.21158868704808,78.76999850428157,20.460277931328854
204.1825113484359,52.056398345186835,12.486394002636587
192.61081261324253,77.27122511637891,20.82842692452239
175.42126738405193,99.084330631069,32.19885965126458
158.5923867553334,63.78561111284944,25.36051394299482
184.71706958644302,88.82271256843337,26.03214602137673
201.71437162146077,77.46479374554788,19.038410449904685
188.46862059818824,92.46099178133814,26.03037613518475
172.26010479218394,74.90001666998452,25.241345428647367
173.48443063349862,95.15352476261049,31.61577777144085
186.05869883469921,89.19902066428877,25.766778683828164
163.48912917186306,69.95831963619477,26.17348834307924
167.67174403460518,100.13966657085983,35.619381799236166
181.69066685530612,98.76725148693035,29.919045243984918
211.0330238007973,75.12506769191624,16.86879392352518
189.15815649676426,71.36101493047578,19.9439360321086
185.35021699044808,83.18012541532761,24.212150972301952
168.6843449544737,88.58750598188746,31.133139462032542
173.87565955697315,93.1385298796662,30.807169485155544
195.14033927196036,64.10871377688053,16.835381112268188
157.56005573157614,82.00639268628238,33.03356587178586
174.23331536015047,54.787761833081326,18.047670693244417
158.06407549600237,97.99939450608389,39.22446613712694
185.62378454763598,83.51705768926092,24.238622775278625
162.7681155023251,79.41567140491065,29.97557628598513
181.68839898223706,68.76493006653399,20.831119470656084
177.06942512831182,79.37325173371883,25.315529647345233
173.45239064590552,73.97627718868932,24.588491856992125
181.94596165369236,76.99815974956896,23.25923915692606
189.21467418670628,64.55466422802496,18.030924630399703
175.64490758066626,87.27210898594322,28.288136907185073
190.72356448206352,94.4559232705686,25.96692286600216
169.3036450899036,102.90863600346901,35.902046481889826
190.62712178239406,77.19714896927817,21.243784149142577
181.23918033139716,67.81306405497637,20.644729134017535
181.33289978911324,84.19750552952867,25.606251800127303
159.16515827310315,89.24962259203176,35.22981619972114
156.50099798393407,92.2814706893052,37.67734436902376
187.34666313718262,70.26705306979095,20.019803739043468
170.51851906102638,75.40480454803729,25.933188345713038
178.95115811876724,68.95704592744433,21.53325193624657
168.04626907129878,73.38700356334674,25.98731471807062
157.32887837523998,90.54817660117878,36.58161006763821
185.07111427407324,95.43629388619259,27.863539653848047
212.8210698075713,73.57981357772573,16.245363718075968
159.1476305876263,80.88988157416985,31.936979921523555
178.50535688413274,60.917481272312756,19.117866786560974
199.80748252146608,75.00585080529444,18.787614735364283
189.2267593215796,87.27773248505855,24.374647909955293
160.96852228715815,88.38833074476172,34.11245829655692
167.62856187725637,77.41344740603407,27.549921759854737
172.29930438766144,84.90242952819872,28.599146325335038
200.10320185824597,93.47782653204919,23.34535757411627
182.37936841852374,80.23796859552608,24.122844104772728
185.00547855964967,107.24348915728348,31.332983975817477
173.39618511854724,84.42238430255351,28.078799573149915
196.004921150706,75.16243854097999,19.56441699796287
156.41732827661357,84.63985715294226,34.59435156672214
155.9255573516252,79.93414948573106,32.87742139810465
165.85103196198415,102.29520031655407,37.1893768086723
173.38714120888108,94.74649832214885,31.515876939080037
172.1141247249448,81.12184151312135,27.38449746714942
182.00307707234634,81.81878887297597,24.69992220869975
183.7586581883804,89.15437556819008,26.402620941110122
200.20527936412782,64.15291428292346,16.005356016185004
191.9560717116869,70.06844403078968,19.0159823676857
198.95288202413195,88.88183792807055,22.454974029248202
182.15295153756003,70.44485027355964,21.23131162802616
194.56899181996894,79.05720602606993,20.88306328953233
153.1997690377276,79.40502280212095,33.83231795779018
171.8824377448775,65.28959012518871,22.09942292350199
157.18389426486596,68.93608439772872,27.901690887647675
171.9640036686116,79.59256180259322,26.91518614281785
216.88207518727327,75.5311716636474,16.05753589769753
171.23846314142696,105.10731929824041,35.84514297506302
204.81343205659215,71.23341491905282,16.98114203888172
201.15771308005114,52.617356994611974,13.003361916883343
193.08772534018178,86.87421715123301,23.301376182617247
184.07862295008596,79.86408690575061,23.569198663416405
179.90059004359526,77.89722198735801,24.068930583291234
191.99572189479653,102.50319760253791,27.80701108569001
181.41085802132125,83.47362038754994,25.36428913154849
194.9439929540146,103.12347469309174,27.135499689477022
196.82230754767733,71.72568100664138,18.51509914834843
182.33320055293103,88.85323714596353,26.726478782852542
183.4585091326192,96.25709351699211,28.599406732389355
169.89175930679068,88.18492789831572,30.552709925146594
180.53038185493708,82.73973324865754,25.387124619589652
183.4420596560188,68.84577721973878,20.458767707108464
172.33258812602654,85.20266528752445,28.689194821429943
206.4646702339715,92.79228418133798,21.768092375232335
186.85738971975707,75.14024318799792,21.520484315333228
214.67748748082806,80.10672784804542,17.38184947682092
164.51903693182862,84.73767129618057,31.30719856310829
179.82237176150682,68.17193796878404,21.082310104994754
185.8708590040653,87.0021191906932,25.182985717967465
173.0667317592467,69.87370256004169,23.328486948393323
183.0956957125464,76.94148285324488,22.95114106457181
200.42417126041633,81.54044559607667,20.29891791786481
176.34637936317273,103.77297252276128,33.36961240035977
190.54007811847453,74.8487244863901,20.616347503960572
202.79132247669395,80.55464599090796,19.588079527309223
180.9461234769805,94.03409028308039,28.720153758385806
173.1532858045678,100.81070808665964,33.62367588898918
180.64324289556612,72.03386973388831,22.07462344500292
180.00024880373903,76.25531986417852,23.53552748699143
198.1248144826453,72.02697631283618,18.349212816561167
186.3253360738336,88.23394663842623,25.415103277556096
189.61523848197112,76.5397540496793,21.28828075381168
170.82853088965766,70.33503881875646,24.101879980173912
214.33184414775147,93.5726644652062,20.369276086325684
175.50406347631056,82.49218036580359,26.781717842625987
169.01536575614682,98.72276904448242,34.559300942398046
184.2564605139334,92.63297899399372,27.284762774994174
184.1021799919023,80.72583052849717,23.817416955803424
171.52954101941143,66.39434595856916,22.565930489182495
216.84540198943535,70.91653573238253,15.081588144040655
193.7381824468265,70.58913261087494,18.806475095339003
166.0339044899803,78.91011743530751,28.624580303832232
171.87022294178587,58.425484266413385,19.778850150308113
160.74262084123927,71.80774253010013,27.791320560605694
191.11724665960378,56.309275031996805,15.416300804864688
189.49765351923014,74.96266451684028,20.875521891201256
199.13323741536738,52.71441817194048,13.293578629582596
210.32924413036005,54.27642198216411,12.269076888473592
192.83235027604383,88.00016137782806,23.665935660539894
172.1390439877728,92.92339177566419,31.35929424500345
194.21447944304802,69.15630099939267,18.33447782887383
195.6370650526579,75.8468574317478,19.81688155030528
164.5715719915848,69.76238418154864,25.757972750194458
177.8519740026338,105.02391632649531,33.202503362270775
168.57509245376244,82.07102857002045,28.88039064004638
201.07524899520456,86.97101199969704,21.51083620039387
205.9513875039712,97.42389245277069,22.968679775867454
211.82133224961683,65.64672787816525,14.63098932384537
163.2174533573232,89.89341714019821,33.74385490053111
203.896017918645,80.74870956004555,19.42308015502572
165.47764645486035,92.36066411053638,33.72938139429279
201.61554161006876,42.91274165387317,10.556944744404781
175.69445847023275,81.16458966049326,26.293625310279648
158.31286267717644,78.70159512822312,31.401553253184375
181.66699175993708,87.41930517988675,26.48837406806252
196.71935884996986,73.84674817322633,19.082583677510872
193.3891534454892,95.66201446553333,25.578513247135575
172.06006332410223,71.96955113388653,24.310205902728097
201.8653244833445,76.86160111293299,18.861923480403544
164.2936011414074,68.10009895951293,25.22937227109948
183.28266658389703,64.04192494353316,19.064331788219643
176.98410190018768,90.8706797112317,29.010503328691264
173.62632349448484,78.44582028386407,26.021880023238243
178.6619049305363,75.66540424317056,23.704643934765894
171.11398035273567,96.36476861121557,32.911471127865944
168.72404631123874,59.24194627755935,20.810156865697742
167.7708916214653,89.51107217923649,31.8012018938453
169.8545914011188,99.82895002540366,34.60205733943823
174.15116163045096,68.66760713993847,22.6411854779268
183.25693406347474,76.90528744272363,22.899993911269824
171.25091028781867,83.01943277606948,28.308312709793388
183.1354907357911,79.84230770774528,23.80608872801532
190.5179761311298,71.9885402123513,19.83313866432428
215.26595992434537,82.8433123392025,17.877497862670044
172.48455314954023,80.33639037133321,27.00299266980003
177.11954655811627,101.15976077411035,32.245922824399265
172.9019911084174,66.47037033345167,22.234537968959685
176.54504973656157,70.14535789022727,22.505457516128786
144.40573499539371,75.79827232923742,36.3488289849163
181.3487032941417,95.3685873242608,28.998560535835903
187.48681800873536,65.61494965125154,18.666432456534437
198.65547855731705,92.23750713041649,23.372569707013195
196.27708729289748,54.18887816221994,14.066010948973888
181.20376875580206,76.33316825940823,23.2476381002759
185.46549787868145,92.62826878370117,26.92881779055897
200.19795815036758,59.2794920580145,14.790579367040403
189.22957153573103,76.68235681482673,21.414968520130234
180.49931491798847,97.83664438071334,30.02966123853812
191.37148884827303,103.63055900279622,28.29654226399415
198.37734585797185,64.46510894158277,16.381006025810304
181.07983236869813,81.11228016718131,24.736966593425276
191.63265269341227,94.21334255980588,25.655080955816718
198.91897543476784,49.54696432859991,12.521738322406955
195.50756638173863,102.62614872398467,26.849171672858528
188.2766231651777,61.22588944792577,17.271986987821506
163.7784659868697,56.359967515852745,21.0115037981476
211.94701402696785,59.27369217423255,13.194938654386995
181.76760727874716,89.74306538082976,27.16238615293253
193.40480209211515,67.54301252579278,18.057013419467474
191.95261417815777,87.68169895073574,23.79692786119838
171.11413463738737,93.2143467877273,31.835449771059945
167.86518235449344,86.58465297461234,30.726965126200994
165.81431723530818,85.78772665057151,31.20190464830494
188.743963443415,65.57326527329658,18.406900685676337
186.98070761725705,82.71322808298558,23.658182221870167
186.1734230890249,82.75971079312865,23.87721094951983
213.24645697926292,66.93338970887136,14.719029342513704
176.10199796879652,72.91331880257702,23.511389698396865
194.86030556525424,73.73255923845983,19.418360073890117
188.85836654582639,85.72568520844672,24.034689000994533
158.49545738492782,72.77871362694891,28.97148363972957
178.21933839204704,57.39345528527536,18.069773856122744
184.06759342862753,53.75395038413673,15.865571392791285
173.57848625302523,95.76775516023507,31.785387781764605
184.24686603357821,85.26807636432453,25.11806885638863
191.12659906232815,95.30377969852015,26.089626450500383
174.1653542323998,86.54993503981564,28.532722421180967
211.39541623398293,77.3207678615616,17.302347338927245
184.00546049449457,88.22479499479788,26.05728934425052
187.66802172639225,95.30056764561478,27.059198934609096
193.91287385509588,77.74415917963316,20.675426891878775
177.3481372894058,83.2792046552503,26.477885884929712
190.19309725802196,77.63557543628411,21.462053570979936
182.64547397013908,74.24230686858593,22.255308998364676
163.53667625236577,87.20770912367955,32.60802868817929
170.31736721983293,69.8449170435218,24.077807369023027
172.33123336481341,88.72364036471373,29.875237072945428
198.5400399235598,82.3398543196601,20.88881889189581
166.396826664017,70.18332786919092,25.34801047497259
160.95933206719067,96.70169887745644,37.32516889416019
148.73387896739433,94.0284709150534,42.50495539811718
170.5092094058785,105.68856823362219,36.3523367740383
172.383118832975,67.12562983902947,22.589098850737486
210.09771590323942,99.84370538581865,22.619241017294936
184.91919359610026,96.2709527073798,28.15342833725566
196.83484408715302,98.98847190965108,25.549397253350303
178.9552752455773,94.34306279870808,29.459200834458958
186.97614568985762,92.72002754368563,26.521687034065216
169.8000108758917,98.53797827551116,34.176549995270285
179.366955056811,57.47347002070995,17.864157856338966
201.4193624115305,59.54008371664199,14.675976483666162
200.11761193508084,77.20143188721804,19.277678454640743
179.73755558943117,66.37272877735954,20.545277476559868
189.74740052270496,89.4273154136665,24.83810871884059
165.2829247472079,70.31622938609398,25.739469738437148
162.0516715952759,92.69266663482973,35.29704478023275
189.0628993999445,58.63138077083274,16.402781297423047
177.24135509310497,75.03590541398145,23.88575667225171
202.76224633223705,81.6143715808141,19.85146000105161
168.8073932680761,78.99378350562118,27.721069925458018
157.7804736090095,77.3011274525863,31.051266423797575
195.7602923333876,71.02470522993848,18.53361897075365
181.0371924044612,84.40462008975615,25.7531648504389
191.83846426794423,76.63412112034149,20.823359783064376
199.52041956287377,81.24602650452483,20.409268131487515
176.3496733993964,86.59047624099192,27.843306545794768
168.67112787914112,84.85309594724123,29.82539434914695
158.7765707424189,96.55828398265938,38.30158120456367
168.5859872824471,50.8171753426729,17.88000245224161
174.0190026279203,78.01111629209393,25.761025173778275
146.13480271925602,65.05701307491947,30.463991439758697
176.1107013221544,80.4562336827806,25.941089101178434
162.97207282626727,82.45617974418131,31.045369351527867
177.11314885990015,84.91669766089407,27.070201453522298
